source_row_id,Time,V1,V2,V3,V4,V5,V6,V7,V8,V9,V10,V11,V12,V13,V14,V15,V16,V17,V18,V19,V20,V21,V22,V23,V24,V25,V26,V27,V28,Amount,Class,user_id,device_id,region,transaction_velocity,historical_average_amount,amount_deviation,high_transaction_velocity_triggered,unusual_device_triggered,unusual_region_triggered,high_transaction_amount_triggered,high_amount_deviation_triggered,high_transaction_velocity_explanation,unusual_device_explanation,unusual_region_explanation,high_transaction_amount_explanation,high_amount_deviation_explanation,ml_fraud_probability,ml_signal_available,behavioral_rule_points,ml_risk_points,risk_score,risk_level,triggered_rules,risk_explanation
26,23.0,1.17328461017079,0.353497876646456,0.28390506526532,1.1335633178795,-0.172577181842493,-0.916053706932115,0.36902484539083,-0.327260242196767,-0.24665102789456,-0.0461393022689538,-0.143418527309124,0.979350375717585,1.49228543545219,0.101417525935881,0.76147754528118,-0.014584082470356,-0.511640116553888,-0.32505635460906,-0.390933797720026,0.0278779087328671,0.0670033044874043,0.227811927638182,-0.150487224821759,0.43504510338369,0.724824579577241,-0.337082059875827,0.0163683792669046,0.0300411908366385,41.88,0,demo_user_045,demo_device_016,Central,2,57.45816860685599,0.7288780867095513,False,True,False,False,False,Synthetic velocity is below the demo threshold.,Synthetic device differs from this demo user's usual device.,Synthetic region matches this demo user's usual region.,Real Kaggle Amount is below the subset 99th-percentile threshold (1115.63).,Synthetic amount is below 3.0 times the synthetic historical average.,3.1476573e-06,True,20,0.00018885944,20.0,LOW,Unusual Device,Risk score 20.00: 20 behavioral-rule points and 0.00 ML points. Triggered rules: Unusual Device.
88,56.0,0.0869961905163749,-0.0519887420255876,-0.497882441560081,-3.1519078565141,2.5584003623555,2.79667096978255,0.470283270790146,0.265332802943643,0.919513460198576,-0.735585687981152,0.208724948743441,0.0171306492463427,-0.110866963820059,-0.0426768695073913,1.65414036352275,-0.392648022607194,-0.875960217366143,0.183946189187007,1.25938002787067,0.167231088284993,-0.239425579903453,-0.437342143719405,0.0184257681232037,1.01303776342658,-0.258926558625905,-0.293189252573023,-0.394955581242805,-0.435995593150792,10.84,0,demo_user_387,demo_device_187,South,2,22.543118058379726,0.4808562849170972,False,False,False,False,False,Synthetic velocity is below the demo threshold.,Synthetic device matches this demo user's usual device.,Synthetic region matches this demo user's usual region.,Real Kaggle Amount is below the subset 99th-percentile threshold (1115.63).,Synthetic amount is below 3.0 times the synthetic historical average.,5.649279e-07,True,0,3.3895674e-05,0.0,LOW,None,Risk score 0.00: 0 behavioral-rule points and 0.00 ML points. Triggered rules: None.
118,76.0,-0.997175759175411,0.2283653016759,1.71533993769907,-0.42006676656004,0.56083784473761,0.564725048029707,0.84604655039212,0.197490821018941,-0.0972018796653061,-0.439346826403148,1.30907077715745,0.859703136161211,-0.476390307910938,-0.142352493671256,-0.974915531185412,-0.606945204714783,0.0053709711164228,-0.999965377075203,-0.77409641536118,0.244289447785577,-0.0702407620402652,0.0154449531625397,0.0726510659990363,-0.272271751067005,-0.0876815148243494,0.138132122510945,0.125901816000378,-0.0630223201763689,86.43,0,demo_user_328,demo_device_128,East,1,46.47570278628387,1.8596813994926322,False,False,False,False,False,Synthetic velocity is below the demo threshold.,Synthetic device matches this demo user's usual device.,Synthetic region matches this demo user's usual region.,Real Kaggle Amount is below the subset 99th-percentile threshold (1115.63).,Synthetic amount is below 3.0 times the synthetic historical average.,1.61602e-06,True,0,9.69612e-05,0.0,LOW,None,Risk score 0.00: 0 behavioral-rule points and 0.00 ML points. Triggered rules: None.
183,118.0,1.4310534091187,-0.648101141301022,-0.331663900979847,-1.20738260249738,-0.0127859430121093,0.704439953997981,-0.732125587979523,0.183138871604336,-0.878334384179481,0.767906431093333,0.0574192744490524,-0.591459258951978,0.0045135382073197,0.0480512782477063,0.44239170146346,1.53111654186838,-0.325105203634955,-0.724348777941261,1.09984578404832,0.100777423742339,0.112748785409181,0.222295603641531,-0.244590547073966,-1.68815810712019,0.609778218339421,-0.0883659732751527,0.0104378007937454,-0.0144986111374894,20.0,0,demo_user_220,demo_device_020,North,1,23.45507599308672,0.8526938904779039,False,False,True,False,False,Synthetic velocity is below the demo threshold.,Synthetic device matches this demo user's usual device.,Synthetic region differs from this demo user's usual region.,Real Kaggle Amount is below the subset 99th-percentile threshold (1115.63).,Synthetic amount is below 3.0 times the synthetic historical average.,3.1285814e-05,True,15,0.0018771489,15.0,LOW,Unusual Region,Risk score 15.00: 15 behavioral-rule points and 0.00 ML points. Triggered rules: Unusual Region.
238,158.0,-0.159985036673326,-0.611632858229461,2.08141930157426,-1.0481284532518,-1.08345577175002,0.254356945302907,-0.782936554073426,0.264001941205066,0.404509215360876,-0.232303544717752,-2.09316827089706,0.465104232566179,0.650495508341059,-1.51449222349658,-2.53497822597074,-1.78680271755936,0.291461234226018,0.85193607648474,-0.564583751655944,-0.510184960072474,-0.365403740456431,-0.127932001202657,0.163175571365982,0.104227427084037,-1.28676528715754,0.74762533595901,0.241777014043167,0.237055507193741,10.0,0,demo_user_217,demo_device_017,South,2,27.378441826939806,0.3652508810841168,False,False,False,False,False,Synthetic velocity is below the demo threshold.,Synthetic device matches this demo user's usual device.,Synthetic region matches this demo user's usual region.,Real Kaggle Amount is below the subset 99th-percentile threshold (1115.63).,Synthetic amount is below 3.0 times the synthetic historical average.,1.2857967e-06,True,0,7.71478e-05,0.0,LOW,None,Risk score 0.00: 0 behavioral-rule points and 0.00 ML points. Triggered rules: None.
254,179.0,-0.431091691864319,0.890751790096124,1.72054284650876,-0.238246455182136,0.273262886790457,-0.970190618616908,1.24991037618054,-0.48367608591831,-0.871156531752796,-0.34568909971149,-0.0093603773592827,0.168270519674582,0.715169146085506,0.0178959375398126,1.03167394989099,-0.380192799690851,-0.0434599612611935,-0.857500149283869,1.16742233748176,0.290504853232492,-0.412643827424996,-1.11200492344479,-0.0576836791434496,0.430112171429807,-0.0632502615932806,0.723811360988256,-0.210696830101016,-0.161057644023526,27.99,0,demo_user_430,demo_device_038,Central,2,90.68384952876733,0.30865474001653215,False,True,False,False,False,Synthetic velocity is below the demo threshold.,Synthetic device differs from this demo user's usual device.,Synthetic region matches this demo user's usual region.,Real Kaggle Amount is below the subset 99th-percentile threshold (1115.63).,Synthetic amount is below 3.0 times the synthetic historical average.,5.663666e-07,True,20,3.3981996e-05,20.0,LOW,Unusual Device,Risk score 20.00: 20 behavioral-rule points and 0.00 ML points. Triggered rules: Unusual Device.
286,205.0,1.18239888187218,0.0594886883256737,0.310672611689593,0.828817334970969,0.341209077754672,1.11259294696874,-0.29277795443855,0.287394090811614,0.268307130650127,-0.0875754273725536,0.151276896671448,1.31588268320967,0.930451889587228,-0.138173544724554,-0.521815311538462,0.0951495833798615,-0.626292731708047,-0.174092778625185,0.488467737374341,-0.061462540839839,-0.337817781006922,-0.77684049947131,-0.0564860598070945,-1.35698586973381,0.475789717162321,-0.546518635414247,0.0630347385255088,0.0080466958288912,12.99,0,demo_user_043,demo_device_043,East,1,30.58202047459945,0.42475937817088055,False,False,False,False,False,Synthetic velocity is below the demo threshold.,Synthetic device matches this demo user's usual device.,Synthetic region matches this demo user's usual region.,Real Kaggle Amount is below the subset 99th-percentile threshold (1115.63).,Synthetic amount is below 3.0 times the synthetic historical average.,2.7316177e-05,True,0,0.0016389706,0.0,LOW,None,Risk score 0.00: 0 behavioral-rule points and 0.00 ML points. Triggered rules: None.
321,235.0,-0.663511067150586,-0.0444432255338869,1.02925331506786,-2.49807231003764,-1.35008455718738,-0.7987742916063,-0.581071299268623,0.480997363804379,-2.51703663101124,0.961802327296045,0.656159003567114,-0.75985838488446,-0.522604319990123,0.213254241828541,-0.782823826125467,0.110467114188951,0.192158139215554,0.695763388886298,-0.56920944461924,-0.357884369037238,-0.0518952774038794,0.0708455243255517,0.0393211650632334,0.275750183021649,-0.330251339938331,-0.42393595530703,0.251988906502669,0.133956989596954,25.0,0,demo_user_349,demo_device_149,West,2,10.043864971251141,2.4890816504959252,False,False,False,False,False,Synthetic velocity is below the demo threshold.,Synthetic device matches this demo user's usual device.,Synthetic region matches this demo user's usual region.,Real Kaggle Amount is below the subset 99th-percentile threshold (1115.63).,Synthetic amount is below 3.0 times the synthetic historical average.,6.850899e-07,True,0,4.1105395e-05,0.0,LOW,None,Risk score 0.00: 0 behavioral-rule points and 0.00 ML points. Triggered rules: None.
371,271.0,1.1961928083246,0.245161002767118,0.631947467744274,0.642940901741353,-0.413132654617476,-0.699728161455252,0.0195327399787984,-0.112500121137387,-0.0470571437821009,-0.122711470246865,0.371980575188798,0.794397765137273,0.674412675332186,0.200158679730578,1.2118826795738,-0.105518257708414,-0.0508584114809435,-1.15157869327297,-0.603069525451054,-0.109478011379304,-0.203867812068993,-0.533641292389461,0.201929023781437,0.406872401018654,0.116137340294958,0.102674898843735,-0.0091211984018684,0.0197004574469535,0.89,0,demo_user_101,demo_device_101,North,2,9.224515437115729,0.09648203269507243,False,False,False,False,False,Synthetic velocity is below the demo threshold.,Synthetic device matches this demo user's usual device.,Synthetic region matches this demo user's usual region.,Real Kaggle Amount is below the subset 99th-percentile threshold (1115.63).,Synthetic amount is below 3.0 times the synthetic historical average.,2.616361e-06,True,0,0.00015698165,0.0,LOW,None,Risk score 0.00: 0 behavioral-rule points and 0.00 ML points. Triggered rules: None.
391,284.0,-0.764965866218257,1.33950625823146,1.20938900841593,0.005939376535885,-0.331807720416276,-0.91924268757284,0.434379874372525,0.308839764048673,-0.698558283850425,-0.568186410059283,-0.397372655340404,0.572462624380545,0.965210890359118,0.28558843133616,0.713760962579374,0.280847041558457,-0.274688875295131,-0.41823132951761,0.0006555992996154,0.0620441546861794,-0.170506845982771,-0.534737577736289,0.0431756428613801,0.388210346746866,-0.137030692191127,0.0704177808183167,0.142734817884453,0.06053724926975,11.99,0,demo_user_048,demo_device_048,East,4,35.12065309894816,0.341394562516239,False,False,False,False,False,Synthetic velocity is below the demo threshold.,Synthetic device matches this demo user's usual device.,Synthetic region matches this demo user's usual region.,Real Kaggle Amount is below the subset 99th-percentile threshold (1115.63).,Synthetic amount is below 3.0 times the synthetic historical average.,2.566385e-07,True,0,1.539831e-05,0.0,LOW,None,Risk score 0.00: 0 behavioral-rule points and 0.00 ML points. Triggered rules: None.
436,313.0,-1.03835622793209,0.756121842358947,0.719941776227009,0.988401807344711,-0.237289725013142,-0.378861992097998,0.413667984251441,0.436786746084869,-0.4481784910122,-0.346581607896143,-0.786498012686011,-0.999026788986425,-1.96801526773852,1.04990167216501,1.48907579333964,-0.372646823742577,0.350349837603427,-0.035845283908085,0.110459559053236,-0.344187258233429,0.18954965330953,0.477872318875632,0.298491950666821,0.0293679056113061,-0.300419940401496,-0.294100311014774,-0.0099046386429514,0.0388605588292677,68.0,0,demo_user_264,demo_device_064,West,3,56.53631454111539,1.20276676242396,False,False,False,False,False,Synthetic velocity is below the demo threshold.,Synthetic device matches this demo user's usual device.,Synthetic region matches this demo user's usual region.,Real Kaggle Amount is below the subset 99th-percentile threshold (1115.63).,Synthetic amount is below 3.0 times the synthetic historical average.,0.00011734411,True,0,0.007040647,0.01,LOW,None,Risk score 0.01: 0 behavioral-rule points and 0.01 ML points. Triggered rules: None.
459,336.0,-0.895224141637294,0.562106128928029,2.8175240813651,-0.71873354351021,0.223222217290916,0.796156341863302,0.464886793523534,-0.0020811225703172,0.387537064362305,-0.19504053118377,1.02495793548466,1.00406470720478,0.576224211827653,-0.996669480512847,-0.787779779538788,0.0833984149551379,-0.717025888946129,-0.176712352667885,-0.438621584191557,0.215543351468496,-0.117008761359519,0.221249113143079,-0.380422053773702,-0.245721019443417,0.202957532139267,0.320802236668538,-0.174340162448046,-0.331953696389083,7.72,0,demo_user_488,demo_device_088,East,1,137.7693684013489,0.056035678246779366,False,False,False,False,False,Synthetic velocity is below the demo threshold.,Synthetic device matches this demo user's usual device.,Synthetic region matches this demo user's usual region.,Real Kaggle Amount is below the subset 99th-percentile threshold (1115.63).,Synthetic amount is below 3.0 times the synthetic historical average.,2.5322626e-05,True,0,0.0015193576,0.0,LOW,None,Risk score 0.00: 0 behavioral-rule points and 0.00 ML points. Triggered rules: None.
511,377.0,1.16691882274459,0.0270490880031698,0.513875182118976,0.86096534891176,-0.519451576892328,-0.681147436586617,0.0749919437152553,-0.187776069863001,0.345398694814444,-0.231651941454573,-0.532770498904037,0.878559115130212,0.725637447581961,-0.212346884396997,-0.289540088844948,-0.313801998251875,-0.0100033991662239,-0.799799592108778,0.202364374998939,-0.0021301969693874,-0.202749749606336,-0.441390609709029,-0.025782469048803,0.452607132607421,0.467222718328302,0.262577155154711,-0.0238344353811277,0.020520858981709,40.83,0,demo_user_368,demo_device_073,Central,2,59.59386592460565,0.685137628957576,False,True,True,False,False,Synthetic velocity is below the demo threshold.,Synthetic device differs from this demo user's usual device.,Synthetic region differs from this demo user's usual region.,Real Kaggle Amount is below the subset 99th-percentile threshold (1115.63).,Synthetic amount is below 3.0 times the synthetic historical average.,4.9747214e-05,True,35,0.0029848327,35.0,MEDIUM,Unusual Device; Unusual Region,Risk score 35.00: 35 behavioral-rule points and 0.00 ML points. Triggered rules: Unusual Device; Unusual Region.
517,383.0,-0.90790897460877,1.62222322404833,0.0363813619124195,0.526253581724911,0.343559944637381,-0.814125699345664,1.28635297568485,-0.513283984576902,0.650091220085366,2.37453340136567,1.27695541214439,-0.156640261398235,-1.34623856989971,0.0858397911710595,0.256081498512871,-0.596371655009943,-0.624688057800786,0.376031456230774,0.584009906789579,0.593289305423901,-0.118734907281633,0.640328805130486,0.0223386114725843,0.297445257624226,-0.650607852279329,-0.530175348330921,-0.0422957605017809,-0.490801708759845,17.99,0,demo_user_381,demo_device_193,North,3,7.096874616719211,2.5349186749922503,False,True,False,False,False,Synthetic velocity is below the demo threshold.,Synthetic device differs from this demo user's usual device.,Synthetic region matches this demo user's usual region.,Real Kaggle Amount is below the subset 99th-percentile threshold (1115.63).,Synthetic amount is below 3.0 times the synthetic historical average.,8.201578e-05,True,20,0.004920947,20.0,LOW,Unusual Device,Risk score 20.00: 20 behavioral-rule points and 0.00 ML points. Triggered rules: Unusual Device.
595,446.0,1.06331713559004,-0.795950552345143,1.26875871897622,0.646969512881566,-1.4208862314789,0.43847616459851,-1.10465282666223,0.370816661875466,-0.492432436841059,0.848072167267355,1.0158047193262,0.33188496434189,-0.849556126327607,0.0839973475289108,0.0818609614303332,-1.30121572768547,0.0098841535581974,1.50568852182752,-1.31917311471195,-0.520121074183677,-0.272118838506566,-0.35698556684829,0.093598868902639,0.157000596644004,0.082894974927425,-0.399380832565738,0.0874018970972342,0.0394214013374236,64.0,0,demo_user_359,demo_device_159,West,1,17.0079154766171,3.7629537898391354,False,False,False,False,True,Synthetic velocity is below the demo threshold.,Synthetic device matches this demo user's usual device.,Synthetic region matches this demo user's usual region.,Real Kaggle Amount is below the subset 99th-percentile threshold (1115.63).,Synthetic amount is at least 3.0 times the synthetic historical average.,0.00011482175,True,20,0.006889305,20.01,LOW,High Amount Deviation,Risk score 20.01: 20 behavioral-rule points and 0.01 ML points. Triggered rules: High Amount Deviation.
746,559.0,-0.988419770205218,1.04400956024473,1.41077410133836,0.142818951064331,-0.477671966137553,-0.477862871922047,0.168853048056731,0.590440683282572,-0.405238430143923,-0.514288872925457,0.791825073199529,0.712210754453026,-0.83741929536407,0.468441813390614,-1.10495277232091,-0.131899229734475,0.0879021063610824,0.0158702777698253,0.598720002019381,-0.0353117975865365,-0.0807825123678317,-0.192733673533574,-0.0732535438172741,0.555201104808232,-0.0706785181509164,0.212872403286038,0.186031066475773,0.0929959911740134,9.23,0,demo_user_394,demo_device_194,West,1,24.463280151689336,0.37730017981103053,False,False,False,False,False,Synthetic velocity is below the demo threshold.,Synthetic device matches this demo user's usual device.,Synthetic region matches this demo user's usual region.,Real Kaggle Amount is below the subset 99th-percentile threshold (1115.63).,Synthetic amount is below 3.0 times the synthetic historical average.,4.958147e-07,True,0,2.974888e-05,0.0,LOW,None,Risk score 0.00: 0 behavioral-rule points and 0.00 ML points. Triggered rules: None.
772,581.0,1.15345453322987,-0.414609366098938,-0.356475585124658,0.330125385209091,-0.221110032449083,-0.545366478429344,0.296183533097347,-0.339412268522691,-1.35571602372374,0.723105359656906,-1.13677559090994,0.121000677208272,1.15875259281373,0.228422344256889,0.581521076652162,-1.33867400233337,-0.419359938968317,0.878138130738541,-0.58993848983063,-0.196084661664483,-0.675877691488362,-1.77619279968001,-0.0454919147665051,-0.529825675671245,0.442843058458441,-0.656074880463393,0.0029816366872212,0.0438791132459578,145.56,0,demo_user_257,demo_device_057,South,1,98.96467542868585,1.4708278420504783,False,False,False,False,False,Synthetic velocity is below the demo threshold.,Synthetic device matches this demo user's usual device.,Synthetic region matches this demo user's usual region.,Real Kaggle Amount is below the subset 99th-percentile threshold (1115.63).,Synthetic amount is below 3.0 times the synthetic historical average.,1.7458715e-05,True,0,0.0010475229,0.0,LOW,None,Risk score 0.00: 0 behavioral-rule points and 0.00 ML points. Triggered rules: None.
797,605.0,0.888447712914739,-0.629868071746263,1.34422045703668,0.715794866552455,-1.44911497287849,-0.188217672749961,-0.76677052354933,0.206371836218656,0.540483523261486,0.0265299860383261,1.36609402175665,0.614721655713016,-0.404278922670434,0.134691333056163,0.961736386764781,1.02638489197937,-0.834198726418533,0.949283432018024,-0.442986263200782,0.155565811105816,0.359281716399722,0.736915105437378,-0.127126236102692,0.573479232058033,0.0859660427444229,0.429653561914443,-0.0098149305419589,0.0453542532233599,134.7,0,demo_user_065,demo_device_065,Central,1,14.494960049970173,9.292885219112913,False,False,False,False,True,Synthetic velocity is below the demo threshold.,Synthetic device matches this demo user's usual device.,Synthetic region matches this demo user's usual region.,Real Kaggle Amount is below the subset 99th-percentile threshold (1115.63).,Synthetic amount is at least 3.0 times the synthetic historical average.,1.2840603e-06,True,20,7.7043616e-05,20.0,LOW,High Amount Deviation,Risk score 20.00: 20 behavioral-rule points and 0.00 ML points. Triggered rules: High Amount Deviation.
875,663.0,-0.115946207818814,0.757044192583538,1.73374582991429,0.270059390976035,-0.517368911345004,-0.605832982612297,0.351480393431206,-0.135416407592921,-0.513306616534607,-0.244928779452359,-0.132756428182127,0.176756314443275,0.8701325394846,0.0198956671703659,1.87417110624539,-0.368379368856101,0.217917196834573,-0.116078011395902,1.81018616135796,0.281711558435932,-0.0031592178011592,0.0583676255935778,0.0066389625105072,0.469377791569671,-0.70594065225757,1.08721463276728,0.088764009007401,0.138780012474361,19.54,0,demo_user_420,demo_device_020,Central,1,35.31716345905516,0.5532720662194074,False,False,False,False,False,Synthetic velocity is below the demo threshold.,Synthetic device matches this demo user's usual device.,Synthetic region matches this demo user's usual region.,Real Kaggle Amount is below the subset 99th-percentile threshold (1115.63).,Synthetic amount is below 3.0 times the synthetic historical average.,4.6249756e-05,True,0,0.0027749853,0.0,LOW,None,Risk score 0.00: 0 behavioral-rule points and 0.00 ML points. Triggered rules: None.
920,694.0,1.33087573065664,-0.241449686424563,-0.139077971666209,-0.562308918483071,0.0088558430842117,0.272338599931329,-0.392701267936525,0.143239891400369,0.398763377573697,-0.0202757680502042,-0.238279314894703,-0.172800278485123,-0.617786245262916,0.418994221863255,0.785925431524909,1.15402407639859,-1.18708694897767,0.762341428047432,0.97081676891159,-0.0280851893504464,-0.197487998417229,-0.666568990442189,-0.131124169621767,-1.36218699494075,0.279585545970324,0.995649231010605,-0.0861414150815201,-0.0175770118041754,18.0,0,demo_user_226,demo_device_026,North,1,96.37636827968427,0.1867677763885436,False,False,False,False,False,Synthetic velocity is below the demo threshold.,Synthetic device matches this demo user's usual device.,Synthetic region matches this demo user's usual region.,Real Kaggle Amount is below the subset 99th-percentile threshold (1115.63).,Synthetic amount is below 3.0 times the synthetic historical average.,2.8935793e-07,True,0,1.7361475e-05,0.0,LOW,None,Risk score 0.00: 0 behavioral-rule points and 0.00 ML points. Triggered rules: None.
947,718.0,1.27989583199011,0.1517466282412,0.27845022441148,0.518439496388314,-0.320208519927847,-0.725132714261883,0.0046433300915511,-0.128098681515754,0.205189158694703,-0.043945100150858,-0.804190525266181,-0.2405703922823,-0.43452680483918,0.377980843097085,1.16120457470457,0.488394979027243,-0.555962169350484,-0.2754117506669,0.0720230844860762,-0.115174714703267,-0.295171710941534,-0.908854856192579,0.0781845301483249,-0.142482988454056,0.252751224415199,0.127478708756225,-0.0366418191601846,0.0135055819927497,9.48,0,demo_user_251,demo_device_051,North,0,115.97881468028244,0.08173906610559364,False,False,False,False,False,Synthetic velocity is below the demo threshold.,Synthetic device matches this demo user's usual device.,Synthetic region matches this demo user's usual region.,Real Kaggle Amount is below the subset 99th-percentile threshold (1115.63).,Synthetic amount is below 3.0 times the synthetic historical average.,3.9038346e-07,True,0,2.3423008e-05,0.0,LOW,None,Risk score 0.00: 0 behavioral-rule points and 0.00 ML points. Triggered rules: None.
998,755.0,1.37413406319621,-1.76721036677041,-0.43335216226745,-2.22955241188067,0.331134992201802,3.92477529205726,-2.04994662729592,1.00140256482712,-1.18330955474274,1.27835982181887,-0.648751014613809,-0.785600618465818,0.475230468746871,-0.819495603644115,-0.0444630006393943,-0.151399585373113,0.226627714800609,0.500211785904917,0.268549768491558,-0.0681739722768603,-0.252942328437087,-0.46153361505913,-0.0308896180690697,0.997118513980213,0.384299048747311,-0.187537897605002,0.0688172783801454,0.0380093004263256,82.37,0,demo_user_186,demo_device_186,North,0,36.00707581767191,2.2876059254879464,False,False,False,False,False,Synthetic velocity is below the demo threshold.,Synthetic device matches this demo user's usual device.,Synthetic region matches this demo user's usual region.,Real Kaggle Amount is below the subset 99th-percentile threshold (1115.63).,Synthetic amount is below 3.0 times the synthetic historical average.,5.5668585e-07,True,0,3.340115e-05,0.0,LOW,None,Risk score 0.00: 0 behavioral-rule points and 0.00 ML points. Triggered rules: None.
1045,791.0,1.0592123206582,0.0311478396181206,0.246140582205531,1.23253309084889,0.0578492577685608,0.357054456928668,0.0406096351189178,0.121939095495379,-0.0036254904415273,0.0137923375746554,0.927694802692604,1.29467318313614,0.193732453287732,0.184263095200179,-0.80253613487834,-0.441177918697489,-0.124917213580404,-0.408731239707821,0.0290807639917655,-0.0557752833758539,-0.040771576549429,0.0002477044279078,-0.158391401046375,-0.275728492493532,0.672241120906412,-0.315802619887588,0.0294629075739255,0.0110254527419448,52.93,0,demo_user_092,demo_device_092,South,2,6.448773762689107,8.207761963404412,False,False,False,False,True,Synthetic velocity is below the demo threshold.,Synthetic device matches this demo user's usual device.,Synthetic region matches this demo user's usual region.,Real Kaggle Amount is below the subset 99th-percentile threshold (1115.63).,Synthetic amount is at least 3.0 times the synthetic historical average.,7.873088e-06,True,20,0.0004723853,20.0,LOW,High Amount Deviation,Risk score 20.00: 20 behavioral-rule points and 0.00 ML points. Triggered rules: High Amount Deviation.
1053,798.0,-0.806503215957948,1.35751007951209,0.995848577572575,-0.0913267926292279,0.0793911486815188,-1.05631257289401,0.874665440062204,-0.299203838470779,0.357598107844409,0.508961310226992,-0.260948672900886,-0.502295589805252,-0.587590087583837,-0.637736754305253,0.931354269284675,0.246050260114792,-0.117912064575235,-0.0940352146842701,-0.141836272621929,0.349920792339313,-0.295320542602877,-0.51664082808865,0.11149438218442,0.305147595201401,-0.787426110018515,-0.0689825575109073,0.296458532595882,0.176010016897273,7.99,0,demo_user_464,demo_device_064,West,1,304.5677247916053,0.02623390251040883,False,False,False,False,False,Synthetic velocity is below the demo threshold.,Synthetic device matches this demo user's usual device.,Synthetic region matches this demo user's usual region.,Real Kaggle Amount is below the subset 99th-percentile threshold (1115.63).,Synthetic amount is below 3.0 times the synthetic historical average.,2.3191835e-05,True,0,0.0013915101,0.0,LOW,None,Risk score 0.00: 0 behavioral-rule points and 0.00 ML points. Triggered rules: None.
1105,858.0,-0.81159641846601,0.72422814245238,1.51065117948351,-0.508840883658431,0.471784749641067,-0.843321811097845,0.630595793213024,-0.0632238757985619,-0.266467304523437,-0.587010759649101,-1.0694706848615,-0.626385255357628,-0.73576351199646,0.24725987545419,0.59044621594341,0.610702116266038,-0.773203954187957,-0.158895196954238,-0.38602561661778,-0.157727989163831,-0.196828338407175,-0.766914504273592,-0.120189630540092,-0.155811550879059,-0.146878191504954,-0.0275735840920519,-0.104091882813199,0.122882655740333,1.79,0,demo_user_391,demo_device_191,North,4,45.31375705820936,0.039502352402617895,False,False,False,False,False,Synthetic velocity is below the demo threshold.,Synthetic device matches this demo user's usual device.,Synthetic region matches this demo user's usual region.,Real Kaggle Amount is below the subset 99th-percentile threshold (1115.63).,Synthetic amount is below 3.0 times the synthetic historical average.,7.7714924e-07,True,0,4.6628953e-05,0.0,LOW,None,Risk score 0.00: 0 behavioral-rule points and 0.00 ML points. Triggered rules: None.
