threshold,precision,recall,f1_score,true_negatives,false_positives,false_negatives,true_positives
0.1,0.6610169491525424,0.8210526315789474,0.7323943661971831,56611,40,17,78
0.2,0.7403846153846154,0.8105263157894737,0.7738693467336684,56624,27,18,77
0.3,0.8369565217391305,0.8105263157894737,0.8235294117647058,56636,15,18,77
0.4,0.8735632183908046,0.8,0.8351648351648352,56640,11,19,76
0.5,0.9146341463414634,0.7894736842105263,0.847457627118644,56644,7,20,75
0.6,0.9259259259259259,0.7894736842105263,0.8522727272727273,56645,6,20,75
0.7,0.925,0.7789473684210526,0.8457142857142858,56645,6,21,74
0.8,0.9358974358974359,0.7684210526315789,0.8439306358381503,56646,5,22,73
0.9,0.9863013698630136,0.7578947368421053,0.8571428571428571,56650,1,23,72
